{
  "string_operations": {
    "10": {
      "set": {
        "min": 0.6492137908935547,
        "max": 1.2691020965576172,
        "avg": 0.7727885246276855,
        "ops_per_second": 1294.0150741521174
      },
      "get": {
        "min": 0.6139278411865234,
        "max": 2.125978469848633,
        "avg": 0.7456660270690918,
        "ops_per_second": 1341.082956307653
      },
      "delete": {
        "min": 0.6270408630371094,
        "max": 0.9772777557373047,
        "avg": 0.745394229888916,
        "ops_per_second": 1341.571962730416
      }
    },
    "100": {
      "set": {
        "min": 0.6339550018310547,
        "max": 1.0421276092529297,
        "avg": 0.7453417778015137,
        "ops_per_second": 1341.6663734449921
      },
      "get": {
        "min": 0.6260871887207031,
        "max": 1.1188983917236328,
        "avg": 0.7117795944213867,
        "ops_per_second": 1404.929289681184
      },
      "delete": {
        "min": 0.6260871887207031,
        "max": 0.9899139404296875,
        "avg": 0.7149815559387207,
        "ops_per_second": 1398.637477699785
      }
    },
    "1000": {
      "set": {
        "min": 0.6437301635742188,
        "max": 1.1019706726074219,
        "avg": 0.7838320732116699,
        "ops_per_second": 1275.7834671176502
      },
      "get": {
        "min": 0.6277561187744141,
        "max": 7.352113723754883,
        "avg": 0.8457636833190918,
        "ops_per_second": 1182.363371380085
      },
      "delete": {
        "min": 0.6301403045654297,
        "max": 1.978158950805664,
        "avg": 0.7689332962036133,
        "ops_per_second": 1300.5029239040787
      }
    }
  },
  "json_operations": {
    "1": {
      "set": {
        "min": 0.6480216979980469,
        "max": 0.9827613830566406,
        "avg": 0.7394504547119141,
        "ops_per_second": 1352.3556495608548
      },
      "get": {
        "min": 0.6089210510253906,
        "max": 0.9605884552001953,
        "avg": 0.710606575012207,
        "ops_per_second": 1407.2484482469383
      },
      "delete": {
        "min": 0.6349086761474609,
        "max": 1.0480880737304688,
        "avg": 0.7239460945129395,
        "ops_per_second": 1381.318315796407
      }
    },
    "10": {
      "set": {
        "min": 0.6489753723144531,
        "max": 1.6789436340332031,
        "avg": 0.7727432250976562,
        "ops_per_second": 1294.0909315298416
      },
      "get": {
        "min": 0.6306171417236328,
        "max": 1.0497570037841797,
        "avg": 0.7431483268737793,
        "ops_per_second": 1345.6263895617246
      },
      "delete": {
        "min": 0.6351470947265625,
        "max": 0.9829998016357422,
        "avg": 0.7249164581298828,
        "ops_per_second": 1379.4693013037243
      }
    },
    "100": {
      "set": {
        "min": 0.8039474487304688,
        "max": 1.094818115234375,
        "avg": 0.8966565132141113,
        "ops_per_second": 1115.2542643285428
      },
      "get": {
        "min": 0.7767677307128906,
        "max": 1.168966293334961,
        "avg": 0.8906984329223633,
        "ops_per_second": 1122.7144486142415
      },
      "delete": {
        "min": 0.6220340728759766,
        "max": 1.0318756103515625,
        "avg": 0.7367587089538574,
        "ops_per_second": 1357.296476915659
      }
    }
  },
  "metadata": {
    "host": "localhost",
    "port": 3000,
    "iterations": 100,
    "warmup_iterations": 10,
    "timestamp": 1742252289.469824,
    "value_sizes": [
      10,
      100,
      1000
    ],
    "json_sizes": [
      1,
      10,
      100
    ]
  }
}